{
    "list": [{
        "device_id":"22",
        "device_address":"撒大大"
        },
        {
        "device_id":"33",
        "device_address":"所属"
        },
        {
        "device_id":"11",
        "device_address":"达到"
        },
        {
        "device_id":"55",
        "device_address":"所属撒旦"
        },
        {
        "device_id":"44",
        "device_address":"撒旦萨达撒"
        },
        {
        "device_id":"77",
        "device_address":"撒旦撒旦所属"
        },
        {
        "device_id":"66",
        "device_address":"撒大苏打大苏打是的"
        }]
}